name,latitude,longitude
Bearspaw Christian School & College,51.1869508,-114.1893601
Banbury Crossroads Academy,51.0192933,-114.119053
Project Trust,51.072077,-114.0828546
St. Boniface Elementary School,50.9430704,-114.0423555
Adolescent Mental Health Services,51.0646755,-114.134425
École de la Rose sauvage,51.0748514,-114.0703177
CLS Forest Lawn Writing Centre,51.0424098,-113.9689639
Ecole St. Pius X School,51.0729793,-114.1034205
Alex Munro School,51.1206541,-114.0614094
McKenzie Towne School,50.9270555,-113.9667317
Fusion Collegiate,51.0868412,-114.1373455
Lake Bonavista School,50.9445477,-114.040938
ST. MARY'S UNIVERSITY - STUDENTS' ASSOCIATION,50.9224441,-114.0663533
"Almadina Language Charter Academy, Mountain View Campus",51.0323697,-113.9865729
John G. Diefenbaker High School,51.112806,-114.0701434
St. Andrew School,51.0163696,-114.1477384
Ascension of Our Lord,51.1469636,-114.059703
Valley Creek School,51.1502406,-114.1166872
Altadore School,51.0140094,-114.0997475
Patrick Airlie School,51.0399181,-113.9767981
Cecil Swanson School,51.0741889,-113.9675574
Douglasdale School,50.9352697,-113.982663
UNIVERSITY OF CALGARY - MAIN CAMPUS - MACEWAN STUDENT CENTRE,51.0782159,-114.1317287
St. Gianna School,50.8955204,-113.9680452
Deer Run School,50.9215622,-114.0094687
Capitol Hill School,51.0720834,-114.1039318
St. Ambrose School,51.1334735,-114.2061721
St. Martha School,51.0565501,-113.9456501
Evergreen School,50.9169307,-114.1065341
Andrew Sibbald School,50.9351853,-114.0408918
Delta West Academy,51.0551144,-114.0346391
St. Anne Academic Centre,51.0351446,-114.0389376
St. Margaret School,51.0821473,-114.0976517
Rundle College Academy,51.0152427,-114.099986
Killarney School,51.0282002,-114.1347436
Al-Amal Online Academy,51.150739,-114.2075571
Nose Creek School,51.1671563,-114.060714
Varsity Acres School,51.0910211,-114.1482325
Beddington Heights School,51.1317524,-114.0794072
St. Bonaventure School,50.9317438,-114.0471954
Bayside School,50.8882507,-113.9475403
New Heights School and Learning Services,51.0184803,-114.1223486
St. Thomas More School,51.0854218,-113.9455496
Asasa Academy,51.0747556,-113.9548921
Louise Dean School,51.0531575,-114.1146967
Harold Panabaker School,50.9576463,-114.0866624
Hugh A. Bennett School,51.1317157,-113.9285519
St. Elizabeth Seton,51.1511086,-114.1104507
Lady Fatima Academy,51.0430128,-114.061255
Palliser Beyond Borders at Calgary,51.0861212,-113.9990566
Rundle School,51.0711891,-113.973736
St. Luke Bilingual Elementary School,51.0908335,-114.1227011
Heritage Christian Academy,51.0921419,-114.0100347
Calgary Chinese Private School,51.0516213,-114.0643022
Dalhousie School,51.1065337,-114.1513928
St. Gemma Outreach High School,51.0696454,-113.9901507
Sir Wilfrid Laurier School,51.0457415,-113.9893203
West Ridge School,51.058496,-114.2142566
St. Rose of Lima Junior High School,51.0758073,-113.9622931
Our Lady of the Evergreens Catholic School,50.9143805,-114.1222085
Ron Southern School,50.8809386,-114.0857024
Glenmore Christian Academy Junior High,50.9039855,-114.1152532
Simon Fraser School,51.1003262,-114.1365647
Discovering Choices II,51.0565383,-113.9849539
Foothills Academy,51.0640789,-114.1423208
St. Catherine Elementary School,50.9438531,-114.0865053
Green Dome Islamic School,51.1265019,-113.9682729
Calgary French & International School,51.0679379,-114.1979831
Vista Heights School,51.073894,-114.0170878
St. William School,50.9536283,-114.0592724
Sibylla Kiddle School,50.8779597,-113.9708788
Valley View School,51.0300613,-113.9752921
Fish Creek School,50.9015119,-114.0328256
Ethel M. Johnson School,50.9554801,-114.0890531
St. Henry Elementary School,51.1176043,-114.0801921
Montessori School of Calgary,51.0333678,-114.0760919
Buffalo Rubbing Stone School,51.1683592,-114.0873828
"Calgary Islamic School, Akram Jomaa Campus",51.0875966,-114.0004916
Falconridge School,51.0993709,-113.9454468
Calgary Waldorf School,51.0723561,-114.2183405
Ted Harrison School,51.1172395,-113.9282685
CLS James Fowler Writing Centre,51.0865389,-114.0705306
Canadian Montessori School West,50.9907515,-114.0882764
Marlborough School,51.0560903,-113.9655139
Colonel Macleod School,51.0661896,-114.0476596
St. Thomas Aquinas School,51.0309789,-114.1518686
Jack James High School,51.0445345,-113.9599771
St. Teresa of Calcutta School,50.9143846,-114.0520974
Midnapore School,50.9150469,-114.0551889
Penbrooke Meadows School,51.0418021,-113.952203
CBe-learn,51.0065237,-114.113942
Cedarbrae School,50.9584055,-114.1331988
Children's Village School,51.0638755,-114.0419786
Janet Johnstone School,50.909376,-114.0801002
St. James Elementary Junior High School,51.0011481,-114.1136783
Calgary Arts Academy,51.036278,-114.1080951
Our Lady of Grace School,51.1793462,-114.1205009
Forest Lawn High School,51.0424098,-113.9689639
Northern Lights School,51.1576231,-114.0469408
St. Stephen School,50.9557022,-114.0838667
Sundance School,50.9006673,-114.0468273
Calgary Quest School,51.0497282,-114.1366529
Mayland Heights School,51.0589586,-114.007307
Brentwood School,51.0904962,-114.1238723
River Valley School,51.0794761,-114.1743584
Dr. Gordon Townsend School,51.0745013,-114.1483598
Light of Christ Catholic School,51.129544,-113.9412877
North Middle School Campus,51.0954545,-114.0600524
William Roper Hull School,50.9483694,-114.1138467
Holy Child School,50.8861898,-114.0831523
Silver Springs School,51.1057169,-114.1908398
Crossing Park School,51.115699,-113.9663379
Our Lady of Fatima,51.1162976,-113.9379404
BOW VALLEY COLLEGE,51.0467729,-114.0560154
Prince of Wales School,50.9247709,-114.0333222
Copperfield School,50.9148388,-113.9288201
Greek Community School,51.0481806,-114.137508
Wood's Homes School,51.0961048,-114.2242426
Start Outreach,51.0894363,-114.2019175
Sam Livingston School,50.9454549,-114.0612846
H. D. Cartwright School,51.1126553,-114.1613417
Bishop McNally High School,51.103228,-113.9536206
MOUNT ROYAL UNIVERSITY - LINCOLN PARK CAMPUS,51.0128117,-114.1327346
James Short Memorial School,51.0478673,-113.9428125
Gobind Sarvar School Guru Nanak Gate Campus,51.129449,-113.9663163
Crescent Heights High School,51.0614965,-114.0661057
Notre Dame High School,51.1576257,-114.0657893
Eric Harvie School,51.1280486,-114.2511254
St. Rita School,51.1198729,-114.1817674
Guy Weadick School,51.0869951,-113.9529891
Calgary International Academy ECS,51.1258951,-113.9528036
Willow Park School,50.9578029,-114.0607015
St. Matthew School,50.9786834,-114.0585238
North Haven School,51.0975158,-114.0866271
Our Lady of the Rosary School,50.8744359,-113.9682202
Southwest Elementary Campus,50.9589875,-114.0825608
Manmeet Singh Bhullar School,51.1233136,-113.9594368
Abbeydale School,51.056632,-113.9298628
West Dover School,51.026336,-113.9906622
Christ the King Catholic School,50.8878437,-113.9759845
Maria Montessori School,51.0627165,-114.1235969
Calgary Arts Academy Rosscarrock Middle School,51.0412231,-114.1447965
Citadel Park School,51.1454578,-114.1742488
St. Augustine Elementary Junior High School,50.9911204,-114.0807914
O. S. Geiger School,51.1048933,-113.9615548
Project Trust,51.072077,-114.0828546
Monsignor A. J. Hetherington Elementary School,51.0996085,-113.9343077
Somerset School,50.8974187,-114.0849814
St. John Paul II School,51.107717,-113.9562136
St. Brigid,51.1463309,-114.1877325
Renfrew Educational Services-Bowness Centre,51.096336,-114.2119387
Twelve Mile Coulee School,51.1228429,-114.2434944
R. T. Alderman School,50.9611661,-114.0446021
Alberta Chung Wah School,51.0495717,-114.0617526
Alberta Ballet School,51.0422504,-114.082
Calgary Charter School Hub ¿ Almadina Campus,51.0868412,-114.1373455
Woodlands School,50.9389419,-114.1069838
Lord Beaverbrook High School,50.9731066,-114.0616538
Terrace Road School,51.0745086,-114.157946
Kenneth D. Taylor School,51.1651135,-114.1177852
John Costello Catholic School,51.0488393,-114.1807218
School of East Indian Languages and Performing Arts,50.8837483,-114.0875596
St. Peter Elementary School,51.0461918,-113.9491212
Little Angels,51.1520563,-114.0321078
Ernest Manning High School,51.0359676,-114.1892383
FFCA South High School Campus,50.9753272,-114.0650787
Akiva Academy,50.9732841,-114.0778378
Horizon Leadership Academy,51.0176511,-114.119061
Centennial High School,50.9061114,-114.0533681
Tuscany School,51.1177938,-114.245445
Erin Woods School,51.0227065,-113.9657916
Simons Valley School,51.1396811,-114.1073349
Mount View School,51.0696322,-114.0520762
St. Cecilia (Bilingual) Elementary School,50.9653028,-114.0504253
The Gilbertine Academy,51.0400303,-114.0292647
Discovering Choices II,51.0565383,-113.9849539
St. Vincent De Paul Elementary Junior High School,51.0931438,-114.159824
Renfrew Educational Services - Child Development Centre,51.074772,-114.1439434
Guardian Angel School,51.0406355,-114.2164797
Ernest Morrow School,51.0433913,-113.9648529
Sir John A. Macdonald School,51.1114838,-114.0700599
St. Basil Elementary/Junior High School,51.1194252,-114.2503314
BCS@Home Blended-Learning South Campus,51.1869508,-114.1893601
Colonel Walker School,51.0343687,-114.019049
Mount Royal School,51.0347279,-114.0939249
Al-Amal Academy,51.150739,-114.2075571
Douglas Harkness School,51.0738502,-113.9460588
Calgary German Language School Society,51.0875658,-114.1928032
William D. Pratt School,51.1493674,-114.2241069
Haysboro School,50.9755019,-114.08915
Westgate School,51.0444949,-114.1592141
Calgary Christian School,51.0274745,-114.1589649
Grant MacEwan School,51.1064336,-113.942965
James Fowler High School,51.0865389,-114.0705306
Glenmeadows School,51.0348685,-114.1589433
Georges P. Vanier School,51.0806121,-114.0520834
École de la Source,50.9692407,-114.0618391
St. Hubert Elementary School,51.1183827,-114.0622275
Calgary Academy,51.039438,-114.2243915
Saddle Ridge School,51.1368893,-113.9368939
Phoenix Education Foundation,51.0502709,-114.0078399
David Thompson School,50.9694103,-114.0546656
Calgary Classical Academy,51.0544287,-114.048834
St. Josephine Bakhita School,51.1767822,-114.101512
Access Academy,51.0192933,-114.119053
Niitsitapi Learning Centre,51.0205955,-113.9793514
South Middle School Campus,50.975297,-114.0533193
Scenic Acres School,51.1200958,-114.2156709
West View School,51.1655373,-114.2080279
Dr. Oakley School,51.019279,-114.1084497
Chinook Learning Services,51.0685884,-114.0654399
Banff Trail School,51.0816462,-114.116773
AMBROSE UNIVERSITY,51.0337138,-114.1930641
Hidden Valley School,51.1502605,-114.1196043
St. Clare,51.1647493,-114.0454099
Colonel J. Fred Scott School,51.0877737,-113.9681787
Dr. Roberta Bondar School,51.0503435,-114.2055447
Holy Trinity School,51.0389768,-113.9749598
Western Canada High School,51.0370015,-114.0775618
Bishop Kidd School,51.040584,-113.9921426
St. Mark Elementary School,51.0629852,-113.9693781
St. John Henry Newman School,50.9073474,-113.9888638
Taradale School,51.1212598,-113.9377693
Filipino Language and Cultural School of Calgary,51.1006537,-113.9678147
Menno Simons Christian School,51.024207,-114.1885153
Calgary Home Education,51.0047107,-114.0744582
Senator Patrick Burns School,51.0882178,-114.115551
Horizon Heritage Arabic School,51.0396824,-114.1398235
Haultain Memorial School,50.9395509,-114.0233329
Vincent Massey School,51.044044,-114.1534374
Chinook Winds Adventist Academy,51.0792409,-114.2332805
Sunalta School,51.0413501,-114.1109119
Samuel W. Shaw School,50.9081389,-114.0873898
Yufeng Chinese School,51.1461011,-114.1834835
St. Isabella School,50.9105899,-113.9360032
William Reid School,51.0221812,-114.0903571
Monsignor J. S. Smith School,50.9412152,-113.9898805
Collingwood School,51.0857887,-114.1032718
St. Albert the Great,50.9215173,-113.9601439
Joane Cardinal-Schubert High School,50.8781272,-113.9442407
Holy Angels School,50.9741021,-114.0100319
École La Mosaïque,51.1137735,-113.957526
Trinity Christian School,50.9093351,-114.0622509
Hillhurst School,51.0593015,-114.0931514
Henry Wise Wood High School,50.9863474,-114.0846986
Lakeshore School,50.8959186,-113.9538082
Christine Meikle School,51.0845514,-114.16108
Acadia School,50.9676174,-114.0539411
Bob Edwards School,51.0599362,-113.968788
Cappy Smart School,51.0636998,-113.945082
Northeast Elementary Campus,51.064201,-114.0113049
Father Doucet School,50.909351,-114.0851831
Aurora Learning Calgary,51.1013461,-114.0030488
Holy Cross Elementary Junior High School,51.0300622,-113.9795768
Italian School of Calgary,51.0537531,-114.0531614
Bishop Carroll High School,51.0127004,-114.1208057
Monsignor Neville Anderson School,51.1391307,-114.1040987
Maria Montessori School - cSPACE King Edward Location,51.0272766,-114.1008977
New Brighton School,50.9194839,-113.953722
Riverside School,51.0528574,-114.0477239
BCS@Home Blended-Learning North Campus,51.1869508,-114.1893601
National Sport School,51.0848015,-114.2210408
Vista Virtual School South,51.0004922,-114.0576739
Bowness High School,51.093182,-114.2002653
Woodbine School,50.9365396,-114.1289569
The Hamptons School,51.1434525,-114.1485213
St. Michael School,51.0447916,-114.1515917
École du Nouveau-Monde,51.1116028,-114.2151383
Sherwood School,50.9937034,-114.0114926
Midsun School,50.9018562,-114.0309296
St. Jerome Elementary School,51.1577179,-114.079297
Terry Fox School,51.1046637,-113.9451182
Alex Ferguson School,51.0393705,-114.1229979
Captain John Palliser School,51.0963716,-114.1360304
Arbour Lake Middle School,51.1346577,-114.2091915
Our Lady of the Rockies High School,50.9754445,-114.0787552
Janus Academy,51.0553729,-113.9875469
Our Lady of Lourdes,51.0356799,-114.0681746
Braeside School,50.9566803,-114.1017086
Don Bosco School,50.9313074,-114.0182669
St. Wilfrid Elementary School,51.0919284,-113.969019
Connect Charter School,51.0003803,-114.1357727
Prairie Sky School,51.1621393,-113.9569039
William Aberhart High School,51.0786763,-114.1153518
Colonel Irvine School,51.0925028,-114.0801018
Westbrook Outreach,51.0220042,-114.039639
St. Kateri Tekakwitha School,51.0618652,-113.9277404
Calgary International Academy,51.1391257,-114.2318814
Annie Foote School,51.0859954,-113.9403445
Pineridge School,51.0703316,-113.9452435
Thomas B. Riley School,51.0875359,-114.1890659
CLS Alternative Site,51.1219873,-113.94886
St. John XXIII School,51.1014084,-113.939007
North Point School,51.0325631,-114.1174982
St. Jean Brebeuf School,51.0979001,-114.1402432
St. Maria Goretti Elementary School,51.134531,-114.177765
École Sainte-Marguerite-Bourgeoys,51.0111443,-114.1215974
Edgemont School,51.1288954,-114.1435928
McKenzie Highlands School,50.9110004,-113.9700874
Wildwood School,51.0515963,-114.1521308
STEM Innovation Academy High School,51.0839531,-114.1304339
CLS Lord Beaverbrook Writing Centre,50.9731066,-114.0616538
St. Isidore Online School,51.0744979,-114.0611471
Royal Oak School,51.1455795,-114.2220836
Glendale School,51.032474,-114.1455943
Buchanan School,51.0856364,-114.0631621
Clarence Sansom School,51.0746202,-113.9492097
Catherine Nichols Gunn School,51.1116505,-114.0579093
Riverbend School,50.972163,-114.0185163
Juno Beach Academy of Canadian Studies,50.9753272,-114.0650787
Canyon Meadows School,50.9474171,-114.0781054
St. Benedict School,50.9620004,-114.1054613
Huntington Hills School,51.1122157,-114.0774711
Calgary Classical Academy Currie Campus,51.0176511,-114.119061
McKenzie Lake School,50.9062247,-113.9850116
St. Bernadette School,50.9903976,-114.009212
Peter Lougheed School,51.1306764,-113.9556975
Wilma Hansen School,50.932294,-114.0188846
Woodman School,50.975665,-114.0832272
Belfast School,51.0633817,-114.0183225
ALBERTA UNIVERSITY OF THE ARTS,51.0620132,-114.0916194
Louis Riel School,50.9667379,-114.1322722
Banbury Crossroads School,51.0192933,-114.119053
St. Joan of Arc Elementary/Junior High School,51.0571315,-114.2072546
St. Alphonsus Elementary Junior High School,51.0645564,-114.0414326
Dr. J. K. Mulloy School,51.1192318,-114.0799833
Webber Academy,51.0441282,-114.2250364
Highwood School,51.0922503,-114.0765471
Arise Christian Academy,51.0966299,-113.9532429
Renfrew Educational Services - Park Place Centre,51.0696237,-114.008306
Canadian Montessori School,50.9907515,-114.0882764
Our Lady of Peace Elementary Junior High School,50.9184796,-114.0877237
Jennie Elliott School,50.9961363,-114.1272429
St. Helena School,51.1115405,-114.0677967
Mountain Park School,50.9238051,-113.9818941
Coventry Hills School,51.1651872,-114.0514279
Bowcroft School,51.0875658,-114.1928032
University School,51.0698149,-114.1332899
Discovering Choices,51.0428773,-114.0567075
W. O. Mitchell School,51.1136975,-114.1943018
All Saints School,50.8593354,-114.0267651
Calgary Academy Collegiate,51.039438,-114.2243915
Connaught School,51.0415385,-114.0877305
Dr. Freda Miller School,50.9208572,-114.1160328
Capstone Engineering Academy,50.9982873,-114.04
Westmount Mid/High School,51.0710543,-114.1325271
Elbow Park School,51.0195842,-114.0822113
Calgary Chinese Alliance School,51.1257394,-114.0676398
Rosemont School,51.077878,-114.0923876
Glamorgan School,51.0153867,-114.1454125
Madeleine D' Houet Bilingual School,51.0532003,-114.1122526
SCcyber E-Learning Institute,51.1515104,-114.240431
Lester B. Pearson High School,51.0769577,-113.9564095
St. Joseph Elementary Junior High School,51.0747933,-114.0733312
Alternative High School,51.0096662,-114.1099742
Rideau Park School,51.0252834,-114.075578
"Almadina Language Charter Academy, Ogden Campus",50.9844621,-114.0120022
Eastside Christian Academy,51.0519591,-113.9302342
Keeler School,51.0492636,-113.9648274
Bridlewood School,50.9023903,-114.1106762
Chinook Park School,50.9864545,-114.0893846
Sunnyside School,51.0565691,-114.0795583
Father Lacombe School,51.0473877,-113.983259
Northwest Elementary Campus,51.0931795,-114.0780737
St. Anthony,51.0101158,-114.0793151
Access Academy,51.0192933,-114.119053
Master's Academy,51.0153091,-114.1165602
Rosedale School,51.0636038,-114.0815133
Olympic Heights School,51.0459743,-114.1807907
Rundle Studio,51.0369008,-114.1939364
St. Damien School,51.021927,-113.9922423
Calgary Jewish Academy,50.9935015,-114.0926207
AADAC Youth Services,51.0612678,-114.1016961
West Dalhousie School,51.1111749,-114.1695532
École Notre-Dame-de-la-Paix,50.9509238,-114.0433868
Mahogany School,50.9025781,-113.9265654
Auburn Bay School,50.8967618,-113.9623422
Monsignor E. L. Doyle Elementary School,51.1220249,-114.2166262
Robert Warren School,50.9425285,-114.0848313
Holy Name (Bilingual) School,51.0282786,-114.1390179
Branton School,51.0712537,-114.1090447
BCS@Home,51.1869508,-114.1893601
North Trail High School,51.1675881,-114.0664694
Richmond School,51.0301394,-114.1150529
Vista Virtual School,51.0004922,-114.0576739
Glenbrook School,51.0235181,-114.1550118
Bishop O'Byrne High School,50.8980986,-114.064581
École Terre des Jeunes,51.0853162,-114.149987
St. Marguerite School,50.9211617,-113.9372449
FFCA High School Campus,51.0702081,-114.1518364
The Chinese Academy,51.112806,-114.0701434
Captain Nichola Goddard School,51.1624577,-114.088693
North Point School - DSEPS,51.0325631,-114.1174982
Chris Akkerman School,51.063764,-113.9630252
Rundle College Elementary School,51.0367198,-114.197334
St. Rupert School,51.07692,-113.9705409
Emily Follensbee School,51.0076426,-114.0955892
STEM Innovation Academy Middle School,50.9688768,-114.0884933
Thorncliffe School,51.1023299,-114.0671109
Al-Qaim International School,50.9851288,-114.0514737
Dr. Gordon Higgins School,51.0752764,-113.9706783
Belvedere Parkway School,51.0927236,-114.2115735
Father James Whelihan,50.9045311,-114.0470336
Apostles of Jesus,51.1584241,-113.9565273
Ian Bazalgette School,51.0298368,-113.9776832
Renfrew Thomas W. Buchanan Centre,50.9019504,-114.0560199
Marion Carson School,51.0929233,-114.1614206
Corpus Christi School,51.1016037,-114.0680461
Tom Baines School,51.1335211,-114.1570078
Dr. E. W. Coffin School,51.1037594,-114.1348134
Divine Mercy School,50.9015634,-113.923972
Janus Academy Junior/Senior High School,50.9774444,-114.0563071
Calgary Christian High School,51.0297701,-114.1589554
West Island College,50.9871111,-114.0521746
F. E. Osborne School,51.0928185,-114.1629793
Eugene Coste School,50.9678963,-114.086992
MAC Islamic School - Calgary Chapter,51.1148437,-114.1799465
Mother Mary Greene School,51.1242494,-114.1392912
Chief Justice Milvain School,51.0836928,-113.9722042
Hawkwood School,51.1306637,-114.1787604
Father Scollen School,51.0930273,-113.9419774
A. E. Cross School,51.023251,-114.1421101
Nelson Mandela High School,51.1219873,-113.94886
Radisson Park School,51.0461681,-113.9922472
St. Sebastian Elementary School,50.8848476,-114.0291192
Our Lady of the Assumption School,51.0833063,-114.1913645
Mountain View Academy,51.0884446,-113.9861182
Balmoral School,51.0678886,-114.0664944
Ranchlands School,51.1187116,-114.179224
Dr. Gladys McKelvie Egbert School,51.058899,-113.9415433
John Ware School,50.9636615,-114.105319
Prince of Peace School,50.8932706,-113.9498563
Sir John Franklin School,51.059684,-114.0079373
St. Bede Elementary School,51.1317069,-114.0827663
St. Philip School,50.9278894,-114.0382888
Lycee Louis Pasteur,51.0178108,-114.1144579
Queen Elizabeth High School,51.0562092,-114.1019306
Central Memorial High School,51.0079346,-114.1135347
Griffith Woods School,51.0309861,-114.1947612
Columbia College,51.0570086,-114.0180362
Clear Water Academy,51.0192825,-114.1232548
St. Patrick School,51.0719967,-113.946717
Dr. E. P. Scarlett High School,50.9487948,-114.0879958
Sir Winston Churchill High School,51.1001279,-114.1400026
LYNX West,51.0247923,-114.1587786
St. Mary's High School,51.0366179,-114.0640406
Chaparral School,50.8829707,-114.0449824
Sacred Heart Elementary School,51.040932,-114.0966401
Briar Hill School,51.06312,-114.1114328
Battalion Park School,51.0235736,-114.1819153
Banting and Best School,50.9937496,-114.0138764
Panorama Hills School,51.1558208,-114.0859357
King George School,51.0709038,-114.0840698
Monterey Park School,51.0774314,-113.9304971
UNIVERSITY OF LETHBRIDGE,51.0467729,-114.0560154
Stanley Jones School,51.0599122,-114.0477215
Cranston School,50.8867939,-113.987256
Bishop Pinkham School,50.9972697,-114.1307135
Elboya School,51.0108901,-114.0782279
Nickle School,50.9407435,-114.061449
St. Cyril School,50.9555002,-114.1285361
Southeast Elementary Campus,50.9672487,-114.0454205
Marshall Springs School,50.9114516,-114.1123146
St. Gregory School,51.0311442,-114.160488
Renfrew Educational Services-Janice McTighe Centre,51.0696237,-114.008306
St. Jude School,50.942959,-114.1334517
"Calgary Islamic School, Omar Bin Al-Khattab Campus",51.0507518,-113.993824
Ramsay School,51.0331953,-114.0458037
St. Francis High School,51.0845133,-114.1024218
St. Dominic School,51.1095655,-114.1542583
Master's College,51.0153091,-114.1165602
Nellie McClung School,50.968502,-114.113028
Holy Family School,51.0455409,-113.9878779
Glenmore Christian Academy Elementary,50.9039855,-114.1152532
Dr. Martha Cohen School,50.9171057,-113.9447466
Ahmadiyya Muslim School,51.1018419,-113.9712782
W.H.Cushing Workplace School,51.0468308,-114.0649275
Le Roi Daniels School,50.9838651,-114.0579698
All Boys Program,51.0211865,-114.13624
Westmount Elementary School,51.0581544,-114.1314426
Tyndale Christian School,51.0586407,-113.8677599
G. W. Skene School,51.0456316,-113.945235
Annie Gale School,51.0890794,-113.9689571
Monsignor J. J. O'Brien,50.9015731,-114.103873
Access Academy,51.0192933,-114.119053
St. Sylvester School,51.1092619,-114.1943669
Neriah Christian School,50.9087082,-114.0587985
Robert Thirsk High School,51.1308481,-114.1947926
Maple Ridge School,50.9618973,-114.041973
Fairview School,50.9839923,-114.0594643
Earl Grey School,51.0308812,-114.082668
CLS Lord Shaughnessy Writing Centre,51.0065237,-114.113942
Roland Michener School,51.0570261,-113.9474139
Queen Elizabeth School,51.0554651,-114.1019754
Rundle College Junior Senior High,51.0369008,-114.1939364
Blessed Marie-Rose,51.1598963,-114.148338
Renert School,51.1518438,-114.2028508
Dr. George Stanley School,50.8827839,-113.978303
Cambrian Heights School,51.0853585,-114.0879887
Canadian Montessori School North,50.9907515,-114.0882764
West Springs School,51.0584445,-114.2167641
North Point School for Boys,51.0325631,-114.1174982
River Valley School ECS,51.0794761,-114.1743584
St. Monica School,51.0367765,-114.0678286
Colonel Sanders School,51.0998205,-114.0747847
Calgary Girls Charter School,50.9989993,-114.1147784
