comm_name,fixed_full,fixed_cut,lost_visits,extra_risk_weighted_dark_nights
THORNCLIFFE,7,6,1,115.0
RUNDLE,5,4,1,76.0
MOUNT PLEASANT,4,3,1,74.2
ABBEYDALE,5,3,2,72.0
WEST SPRINGS,4,3,1,59.2
EDGEMONT,2,1,1,58.5
SCENIC ACRES,4,3,1,57.2
OGDEN,3,2,1,56.2
BRIDGELAND/RIVERSIDE,4,3,1,55.0
LEWISBURG,2,1,1,55.0
BRENTWOOD,4,2,2,54.0
TUXEDO PARK,3,2,1,54.0
MCKENZIE LAKE,5,3,2,52.5
CRESCENT HEIGHTS,4,2,2,50.2
MCKENZIE TOWNE,4,3,1,49.8
CRANSTON,5,3,2,47.8
PANORAMA HILLS,3,2,1,45.5
DALHOUSIE,2,1,1,45.5
DEER RIDGE,4,2,2,43.5
MARLBOROUGH PARK,5,3,2,41.5
KINGSLAND,3,2,1,39.5
FOREST LAWN,8,5,3,39.2
HILLHURST,4,3,1,37.8
FOREST HEIGHTS,4,2,2,36.2
BANKVIEW,2,1,1,35.0
GLACIER RIDGE,2,1,1,34.2
BOWNESS,7,5,2,33.0
STRATHCONA PARK,2,1,1,33.0
HIDDEN VALLEY,4,2,2,31.8
PENBROOKE MEADOWS,6,5,1,31.0
RENFREW,4,3,1,31.0
LAKEVIEW,4,2,2,30.2
COLLINGWOOD,2,1,1,30.0
SIGNAL HILL,3,2,1,28.5
LAKE BONAVISTA,4,3,1,24.5
QUEENSLAND,3,2,1,24.2
HUNTINGTON HILLS,5,3,2,23.0
EAST FAIRVIEW INDUSTRIAL,1,0,1,22.5
TEMPLE,2,1,1,21.0
ALYTH/BONNYBROOK,1,0,1,21.0
SKYVIEW RANCH,2,1,1,20.8
WINSTON HEIGHTS/MOUNTVIEW,3,2,1,20.8
GLENDALE,4,3,1,20.5
MACEWAN GLEN,4,2,2,20.5
SHAWNESSY,4,2,2,20.2
EVANSTON,4,3,1,20.0
CHARLESWOOD,3,2,1,19.0
WINDSOR PARK,1,0,1,19.0
HAYSBORO,3,2,1,18.5
PARKHILL,2,1,1,18.0
SADDLE RIDGE,4,2,2,17.8
CHRISTIE PARK,2,1,1,17.0
SOMERSET,2,1,1,16.8
CRESTMONT,1,0,1,16.0
CORNERSTONE,4,2,2,16.0
VARSITY,3,1,2,14.5
DEER RUN,2,1,1,14.2
SCARBORO/SUNALTA WEST,2,1,1,14.0
BEL-AIRE,1,0,1,14.0
EVERGREEN,5,3,2,12.2
HOMESTEAD,1,0,1,10.5
COVENTRY HILLS,7,6,1,8.2
CANYON MEADOWS,5,4,1,7.8
MAPLE RIDGE,3,2,1,7.8
YORKVILLE,1,0,1,6.8
MONTEREY PARK,3,2,1,6.8
ERLTON,2,1,1,6.2
OAKRIDGE,4,2,2,5.8
COUNTRY HILLS,2,1,1,5.8
COACH HILL,1,0,1,1.0
WILDWOOD,1,0,1,0.0
DOVER,8,7,1,-1.2
ALBERT PARK/RADISSON HEIGHTS,4,2,2,-3.0
MIDNAPORE,1,0,1,-6.0
TARADALE,3,1,2,-10.8
BRAESIDE,4,2,2,-13.8
NOSE HILL PARK,2,1,1,-24.8
