trial,w_age,w_damage,w_school,w_transit,w_repeat,w_cluster,risk_weighted_dark_nights,fixes_per_crew_hour
0,0.749080237694725,1.9014286128198323,1.4639878836228102,1.1973169683940732,0.31203728088487304,0.3119890406724053,8209.0,1.4532557293487118
1,0.11616722433639892,1.7323522915498704,1.2022300234864176,1.416145155592091,0.041168988591604894,1.9398197043239886,7997.25,1.46117191649479
2,1.6648852816008435,0.4246782213565523,0.36364993441420124,0.36680901970686763,0.6084844859190754,1.0495128632644757,8905.5,1.478173344529223
3,0.8638900372842315,0.5824582803960838,1.223705789444759,0.27898772130408367,0.5842892970704363,0.7327236865873834,8732.75,1.485931269892578
4,0.9121399684340719,1.5703519227860272,0.39934756431671947,1.0284688768272232,1.184829137724085,0.09290082543999545,8938.0,1.4841584286396183
5,1.2150897038028767,0.34104824737458306,0.13010318597055903,1.8977710745066665,1.9312640661491187,1.6167946962329223,9491.0,1.4801143030939197
6,0.6092275383467414,0.19534422801276774,1.3684660530243138,0.8803049874792026,0.24407646968955765,0.9903538202225404,9310.75,1.467439763563375
7,0.06877704223043679,1.8186408041575641,0.5175599632000338,1.325044568707964,0.6234221521788219,1.0401360423556216,8027.75,1.4576775861180642
8,1.0934205586865593,0.3697089110510541,1.9391692555291171,1.550265646722229,1.8789978831283782,1.7896547008552977,9466.25,1.4788523852196795
9,1.1957999576221703,1.8437484700462337,0.176985004103839,0.3919657248382904,0.09045457782107613,0.6506606615265287,8434.25,1.460255066231501
10,0.777354579378964,0.5426980635477918,1.6574750183038587,0.7135066533871786,0.5618690193747615,1.085392166316497,8881.5,1.483997918168929
11,0.2818484499495253,1.6043939615080793,0.14910128735954165,1.9737738732010346,1.5444895385933148,0.3974313630683448,8743.75,1.4728077583151147
12,0.011044234247204798,1.6309228569096683,1.4137146876952342,1.4580143360819746,1.5425406933718915,0.14808930346818072,8566.75,1.4647925448187564
13,0.7169314570885452,0.23173811905025943,1.726206851751187,1.2465962536551158,0.6617960497052984,0.12711670057204727,9180.25,1.4797303962651536
14,0.6219646434313244,0.6503666440534941,1.4592123566761281,1.2751149427104262,1.774425485152653,0.9444298503238986,9392.75,1.4810855014102287
15,0.2391884918766034,1.42648957444599,1.5215700972337949,1.1225543951389925,1.541934359909122,0.9875911927287815,8781.25,1.4883814930528858
16,1.0454656587639881,0.8550820367170993,0.05083825348819038,0.2157828539866089,0.0628583713734685,1.2728208225275608,8602.5,1.464399345195454
17,0.6287119621526533,1.0171413823294055,1.815132947852186,0.4985844582977499,0.8207658460712595,1.5111022770860973,8780.5,1.481788462256837
18,0.4575963309832449,0.15395981965758598,0.579502905827536,0.32244257450800884,1.8593953046851461,1.616240759128834,9622.5,1.471931664703908
19,1.266807513020847,1.7429211803754354,1.607344153798229,0.3731401177720717,1.7851179969799555,1.0786844838313014,9131.25,1.471213547027952
20,1.614880310328125,1.7921825998469865,0.6360069499437278,0.22010384905535352,0.45587032508388337,0.8542155772525126,8498.0,1.4683948077865385
21,1.6360295318449862,1.7214611665126869,0.013904261062381407,1.0214946051551315,0.834822006297558,0.4442156209414605,8572.75,1.4648056121521082
22,0.2397307346673656,0.6752303428072559,1.8858194078250383,0.6464058640415105,1.0375812434867322,1.4060379177903557,8842.25,1.4760230688351479
23,0.727259204758588,1.9435641654419213,1.9248945898842225,0.5035645916507283,0.9944970117847709,0.6017566196335393,8516.75,1.4667652745333595
24,0.5696809887549352,0.07377389470906559,1.2191286679597937,1.005358046457723,0.1029575024999787,0.5572929284732229,9290.5,1.479484518874261
25,1.8165317719333074,0.47912378133394484,0.2897897441824462,0.978905520555126,1.9713009082212014,0.4841105430230008,9421.25,1.4648691038463506
26,1.344271094811757,1.5232392306574352,0.47527508798479934,1.4564326972237192,0.7355662654385065,1.264611661187159,8439.25,1.4735977433834282
27,1.2670594215217894,1.071549368149517,0.1805795401088166,1.670604991178476,0.6415601299434717,0.37303702079970846,9056.5,1.4783904954843246
28,0.08155028310952783,1.1817858863764836,1.3551287236845648,0.033175657855712304,1.024186116598562,0.4529915503958759,8401.5,1.471826781546015
29,1.2903455808188997,0.3487328580099829,1.381875476204932,0.7734706926010748,1.873459977473469,0.2750418882919865,9400.25,1.4756091654809762
30,0.682132702100517,0.22694704248117814,1.8493872365571256,1.754678706761962,0.5158832554303112,1.319968092068358,9288.5,1.476351874201827
31,1.6344444004024317,1.1104016231989247,1.059301156712013,0.48370458180090337,0.18620553561179842,1.7944315159066535,8407.25,1.4776128131374309
32,1.800836114326661,1.2662029145465359,0.6780595820974014,0.6984191492253218,1.4519113577404787,1.7942205199051542,9003.25,1.478318573135951
33,1.7741728485302346,1.5597510917152477,1.2840632923085755,0.16827992999009767,0.32325742818922754,1.7971083770541585,8628.25,1.480087974423309
34,1.2128581193191799,0.018394103233259296,0.2029430857320642,1.3270035382161116,0.010123167692437374,0.3216161028349973,9066.25,1.4872135213973168
35,1.0974675787331722,1.3837903953853865,1.303922519005201,0.44853861892111957,1.4243584426950717,0.47449817499360014,9138.25,1.47119738302722
36,0.6507993963185355,1.4929828102360483,1.2992657980944293,1.6984468209883559,1.3152257846006867,1.1366172066709432,8745.75,1.4769734144536795
37,0.18734953565618495,0.735431606118867,0.5304047353634509,0.48797928675816715,1.9460211095048912,0.7861954493335208,8921.75,1.477186957207461
38,1.7840931103542266,1.2622772519945258,1.5896226070832968,1.0052741862103842,1.1538077692527182,0.9850353876377278,8832.5,1.4867602116093384
39,0.390485975596089,1.4449042305230106,0.5615447248817116,0.04863193286290768,1.2909445918143356,0.3542213588140979,8957.75,1.4598039313582531
40,1.8809171687058286,1.9078571540051747,1.829728780440897,0.7403174005108888,0.030913233057734857,1.8566371251754508,8612.0,1.4566991998385577
41,0.8563682966346287,1.9333096380873391,1.9272399541785057,1.7060189109347201,0.5888977841391714,0.7701954572038505,8230.0,1.476474540793824
42,1.7022733430337138,0.6338440103125553,0.338985493372185,1.1136025249167003,1.872309548321562,1.392059593349946,9301.5,1.4918415896111465
43,1.14012234017873,0.19435298754153707,1.2300144533983395,1.9801077002085266,0.28016803047304806,1.0366593047274735,9416.5,1.4792701095678649
44,1.7547461438559109,1.4815372355084089,1.394031481990536,1.4049681679742185,0.7189823024395103,0.5871836885289867,8802.75,1.478012820801795
45,1.6187223109570272,1.6202267893583615,1.7341446371602074,1.8264811051129426,1.0226847977218756,1.0030325893743992,8781.75,1.481889839673931
46,1.5965903579335503,1.2999278615555303,1.4039337545154067,1.591585338872202,1.7800106836351326,0.6759903137030716,9270.5,1.470114443112811
47,0.751165905279888,0.187963879681738,1.156560281992348,0.07188454759348417,0.9311960362649203,1.0852892694151532,9203.75,1.474598428954114
48,0.5730825042565688,1.1816665211380215,0.06100049987809886,0.07469637749842883,1.6452011213193165,0.7203812828225258,8986.5,1.4759629376694057
49,0.25412102530376957,1.0444865201096087,1.5399871061972217,0.43164205499368635,1.2457809516380005,0.170694929987536,8742.0,1.4802893882659423
50,0.1033634423372154,1.062709263136296,1.081270243220213,1.274859802996413,1.452182667445323,1.9517041589250692,8780.25,1.488007783545216
51,1.0326006966023906,0.6459129458824919,1.5903723895374073,0.5416645025241484,0.8779428414112722,0.15691276268453191,8950.0,1.4733079001454716
52,0.05070148683091502,1.9252968293558501,1.6719602410244117,1.391948412187396,0.8179058888285398,0.34658864014169155,7908.75,1.4642994495492967
53,0.3128740853421721,0.5004857963291907,1.098453329412241,1.4291918454001247,1.3203947534354625,0.5598677938918857,9057.75,1.4879300944107625
54,1.9097305613263882,1.475793833391537,1.1087081050228014,1.2234414924687045,0.8392001248555798,0.4954619790023149,8741.0,1.4835268659375023
55,0.7119453573025232,1.5156922209287382,0.028786977259511737,0.23214528101383247,0.0920052840435055,0.08145760463794027,8249.75,1.4816281944985659
56,1.7109211680220144,1.4073157187600474,0.9483476581746504,0.19566832130200296,0.9832317502336647,0.9469435415611314,8787.5,1.4727976590554048
57,0.34640373982003037,0.8677032984759461,0.7970094687947469,1.231700196104433,1.2701873017352876,0.09060801954408904,9003.25,1.478725911496014
58,0.7492252292529424,1.2517198314284728,1.0062725171601754,1.7129796823766446,1.31738726323789,0.3258688541628594,8979.25,1.4785277212875114
59,0.1411374948008597,1.2848385564126312,0.053022621083243626,1.1715511625469266,1.8804604828499152,1.150948355751758,8851.25,1.4701454062567243
60,0.7763398524130438,1.2865764368847064,0.9165057809830333,1.0912335786318699,1.8829296175530503,0.7722052756015485,9123.25,1.4606062973203464
61,1.9223811276478284,1.8107012839121275,0.3915822695785929,0.1387226017503309,0.2015560027548533,0.036443651303099456,8560.0,1.4635664650168523
62,0.1888859215118568,1.3660135468327137,0.14237729692045797,0.6379512605875226,1.6897506219389091,0.04654387147165173,8933.25,1.4707122237118426
63,1.6289369651778716,0.5637095495467999,0.2363296552433125,1.3934743307283013,1.257885693559768,1.754944027054106,9164.5,1.485806931153135
64,1.4701420876077715,1.6069618607696972,0.564069145142613,0.35487908755944564,1.5012295032817167,1.613669478534528,8874.75,1.4731964964937683
65,1.9810102840013466,0.825235353822853,0.7440361715855663,1.5528259214839937,0.6816070805060357,1.8615146512071294,8732.5,1.5006324387775585
66,1.7168255036860236,0.8579880547500367,1.5017421355829947,1.5090857481693647,0.20624773767186522,1.8051058133591333,8716.25,1.4787089835758835
67,1.0105047448957143,1.6529149322154832,0.6400992020612235,1.791046456992401,0.7784033574683262,0.02167530296059672,8481.75,1.469456357448692
68,1.8107639528385273,0.18257335357226712,0.6386272751808297,1.9001239341016098,1.9012142938751122,1.1468757762465722,9287.0,1.4933563877693323
69,1.2636744243395985,0.8968910439566395,0.5864215433961291,0.6573290907398319,1.3450369121540768,1.50474905887536,9263.0,1.4686777878293973
70,1.583158087451697,1.5792362855891078,0.18241220609738074,0.9888406094051629,0.11511752003328857,1.099057764647471,8638.5,1.455484222539388
71,0.883061002746754,1.7754083655165995,0.7018300251041574,0.23413403285521173,0.2859833641056717,1.5230212634349445,8240.25,1.4640685362884198
72,1.2364361266325221,0.2022453522455805,0.16821361222999487,1.40193826291824,0.14552601272838706,1.6437201185807124,9033.5,1.4821699663146548
73,1.4124844543129924,0.16269756128379953,0.16967542817038384,1.973279157002351,0.7485415915122406,0.7412842941337818,8958.25,1.488535523431136
74,1.6255991345150052,1.8944971547677174,1.9720021276457418,1.5067563705178832,0.7525191710618315,0.16700143339733753,8700.0,1.4651847729095138
75,1.5542938318548736,1.11680849947161,0.8484440184939526,1.812708770189472,0.22239496461230268,0.9852502085817183,9045.25,1.4663332693558138
76,0.022707289534838138,0.9373212839882525,0.1126065513636747,0.23763583253614384,0.23505249355420976,1.2984206042321271,8082.25,1.4514099508588694
77,1.4920897585308466,1.1667375301943193,1.9243450969490838,0.7497411590474081,0.5714241725637215,1.7371982563789206,8686.5,1.4934349153222206
78,0.4471916770389053,1.9264450788812226,0.024308949379632683,1.939757653415278,0.08631982390115223,1.7822862273961422,8443.0,1.4522693750483917
79,1.0554022181725997,1.9859295922386007,0.14759312947079772,1.1077085688026416,1.938605071238198,1.0461956883402976,8755.75,1.481868823433771
80,1.258797276270525,1.3914973779692343,0.9090821295355465,1.2551161601681269,1.1686286238462005,1.802316020981978,8716.0,1.4776749678035959
81,0.09089276068291574,0.5619263791844606,1.9008229681531175,1.7805275677818326,0.9113135055714259,1.2402651956030735,8719.25,1.4839213816350818
82,0.5547623659622654,0.3762423194475226,0.9273968098799643,0.7067044560521056,1.1673122237017441,0.15546927392996968,9481.25,1.4847460936459949
83,1.948789615332333,1.9724214889592058,1.3963234280394903,1.0721927326882408,0.6190552325726555,1.6275900394138973,8636.25,1.4653314515726508
84,1.3694623451077585,0.3252338786897826,1.821854368987685,1.645074485846338,1.899599826583848,1.45143901677672,9607.5,1.4719924660298267
85,1.2268303918715797,0.8364860725812377,1.8654569667080265,1.7321277790008167,0.09043734021237881,0.05273394899450401,9219.25,1.4751858945942564
86,0.7529267337560992,1.6211066615636658,1.974552258629889,0.30083378220705637,1.1882614307042703,0.761781713262043,8744.25,1.4711055554223047
87,1.9398287956292064,1.6842378462714174,1.6766574094222757,0.9373863195899406,0.8296390046753304,0.5468141438614125,8796.75,1.4689660293817308
88,0.11275099330185423,1.7294447525101064,1.6258020182601551,1.9994353465722612,1.9932736741478108,1.110863411205255,8840.75,1.4856043662326293
89,1.537974830361021,1.889531459764856,1.699294781354823,0.4946962034863953,0.901088270620187,0.25831883030298997,8676.25,1.465847702620139
90,1.9081020545174447,1.21234926890176,0.45728561100692544,1.3434013688117135,1.2362564809157917,0.716325436065681,8925.75,1.4918448979906995
91,0.22711518439925804,1.3431463911855992,1.0406154018075866,1.5446367834712786,1.0403270022239868,1.7043630006370802,8609.25,1.4810642392242468
92,1.103813677548971,1.1218759430707725,1.75330720531669,0.8069657324247941,0.26803045690128147,0.057565352626677946,8668.5,1.4727216523294564
93,1.510274511347238,1.2406191027069293,1.4081595361984471,0.42592832301782146,0.2727429511735395,0.029089331335763857,8461.5,1.4828436473285076
94,0.701175117613194,1.1798353737092662,0.7844880901994646,0.8749498440474581,1.8083173889874968,0.6965109340466007,9313.0,1.4583405461846723
95,1.0279789783196216,1.5673060254822861,0.7930855646425403,1.244173400455747,1.7247274174934903,1.8990412473152842,8977.5,1.4817683348301414
96,0.2941469618580759,1.8531752503229888,0.9842325861590764,0.5164887765979167,0.9182715124765226,1.960065150570954,8316.75,1.464938318549885
97,0.9852361879857392,0.6575032205750164,1.2668017086334515,0.48029123755638614,0.15172665621732784,0.25775944382129845,8536.5,1.4907757332351603
98,0.2560916779155449,0.3038053870245887,0.27765434529882027,1.2817494896064292,0.36376016879828965,0.6913345666477264,8899.0,1.4734876707858802
99,1.7935768198120237,0.9479232805257447,1.3351154770420544,0.3446397424032597,0.38457803761734155,0.08173723253295773,8566.0,1.484950494147649
100,0.3378701261443291,0.5571806780639172,0.35402096855349363,0.17740506751411123,0.24127174220120162,0.9215575360654515,8564.5,1.466969242084008
101,0.412667436811585,0.7285397220961509,1.0068345417097138,1.3807896572587306,0.07862427968219787,1.5988207978180853,8776.5,1.4852759490501666
102,1.2558007789818155,0.16351806389774382,1.7471572482135544,1.8417448010636264,0.1221559197097275,0.5537552962944075,9348.0,1.4638705884961303
103,1.6124025595861227,1.4965193807673167,0.36904203871275465,0.4186986466734206,0.740944205582764,0.9690459703820427,8687.5,1.4785556893764593
104,1.236509543060592,0.7378272791395448,0.9250694322662958,1.494941876267513,0.0733664057811958,0.5048738886880415,8932.75,1.4615873548409128
105,1.4266991717691049,1.7904136753743987,1.0233548842313323,1.0642269705306313,0.2143440226795521,0.8948247336469093,8525.75,1.4563296425925205
106,1.0652345329100463,0.4849410072694593,0.5384864618987619,0.7545683262092453,0.04014239555545274,0.6441583311663566,8454.5,1.4910437440926878
107,0.4228960139930893,0.6549947043558293,0.23952426363850243,1.78105456147979,1.1871849071080973,1.3582046382889792,9087.75,1.4750426040827547
108,1.5783424772146766,0.9968843978581146,0.17384057617484738,1.0742130836370956,1.1736822360417583,1.49087894836866,9014.0,1.4875136905842548
109,0.8633190924593588,0.2551606055911275,0.5675518115974489,0.7261645927972702,1.2918344826632024,1.1415566093378238,9232.0,1.4943785753775343
110,0.7121934517956925,1.9730304975859594,1.2115496387137743,0.47445358347198896,0.20356494524080748,0.30571827836866405,7895.0,1.454268617456973
111,0.49191545676901627,0.32136274651911134,0.3731340481026115,0.5701903373876942,0.34674719058950965,1.7935308492528503,8852.75,1.4859874615378776
112,0.16046749132328442,1.0490227791405093,0.820793653979323,1.9647572338172128,0.2240778043361047,0.7957111980914833,8259.5,1.4838917255131363
113,1.9389408665507377,1.7310142517879605,1.6341441418985598,0.5158056540898797,0.34177517478013164,1.337286439848862,8450.25,1.4758178866900293
114,1.8587519782551716,1.1135257860278596,1.1432253789397997,0.5599581873205683,1.5389858663838738,0.37408749711504674,9170.75,1.4841418209249282
115,0.6473584728084874,0.8508728772328336,1.01522075736891,0.4848194648301605,0.22967364947840707,1.2212400848832652,8584.75,1.4701339354002385
116,0.5772611064805115,1.1624764428452246,0.3087254305484046,0.962280203709635,1.0651788651031717,0.10364707364485382,8808.5,1.488774479670114
117,0.6732085563878412,0.2688293538779485,0.1267499409455355,1.9799204647798905,0.6447076899494459,1.6197488917092697,9203.0,1.4803360654840287
118,0.5092813095275277,1.3630054444478585,1.520455719779373,1.1912774812156885,0.9431523771003167,0.8236818282945371,8728.25,1.4785237278339305
119,0.6977365330859906,1.8590582884956517,1.6612388155754583,1.9300538213330252,0.24859444697108946,1.4617349504072885,8534.75,1.4712403595703756
120,1.8766809136420757,0.3624661323313203,0.132992534733555,1.482241298580118,1.1489462263598238,1.6836575535165441,9052.75,1.4876736665151573
121,0.279544753252579,1.5905346237197804,0.40325464009548906,0.327311885731409,0.3285315958619859,1.6291494404627642,8056.5,1.4647257720801896
122,1.3303944413924003,1.0461308495382386,0.717660968247005,1.7544010816262166,0.7848902148452708,1.6331988789431542,8887.25,1.4907932336262866
123,0.8782698171404368,0.7538888588498152,0.9253595713392129,0.6027557483282842,1.4952187603525022,1.0054407801849583,9188.25,1.4767264983962896
124,0.4644253902936346,1.799149146549137,0.7677824427464228,1.0871057222279772,1.8129442219290939,1.2484759918279842,8870.25,1.4606317668763666
125,0.23379608141672814,1.8796642472269502,1.2554161061428357,0.6698112293141723,0.2785441453267745,1.588050378540592,7817.5,1.4598077994531407
126,1.240145511857027,1.066922183952643,1.7877851661019153,1.5771944224490615,0.30334975946550236,0.6234441355910965,8799.0,1.4800283027271535
127,0.4969782796289315,1.487892585145354,0.06706486947155876,1.139779369742633,1.524917371481381,1.753531273523499,9065.25,1.4737593872387054
128,0.6841634974318149,1.6425146093440257,0.22126347391041445,1.6929045834690364,0.25497732466396483,0.7945745811207345,8413.25,1.4659726584340649
129,1.5945907315591072,0.29983485469754756,0.45850279046528297,1.4445051367861326,1.4400730730921487,1.2822952657705946,9246.5,1.4906049874511123
130,1.3878968889342,1.0854488866951923,0.5035981178139055,0.6913919870078389,0.36319543360285134,1.8169011226672567,8551.75,1.4649794135478724
131,1.166783589532241,0.8017028335272798,0.9240116072882654,1.8945666792236306,0.3067028062321604,1.1724596640335945,8868.0,1.462253641423455
132,1.011777357768932,1.2229084708692957,0.03622036764168102,1.744247817888303,1.8642365649672248,1.1302663671784179,9334.0,1.4698809415101075
133,1.3933016477537845,1.8449987623545914,1.4144772686267972,0.3050780858285227,1.1525767203336263,1.2134300927657118,8645.75,1.4800336070816367
134,0.848261342604772,1.4728884712494457,1.8687340295380297,1.8511370258135527,0.9016787428082642,0.2264760916815105,8623.5,1.4850292884836913
135,1.9696823979246691,1.6777961728918682,0.2493253624065337,1.8416837652347446,1.7397927241242566,1.0376761142521442,8915.75,1.4826591601786692
136,1.1825508714898585,0.7980054077402605,0.10952327764406267,0.6703944832918018,1.6057068971960229,0.009264046009205718,9169.75,1.4949339027363149
137,0.6669983433822884,0.7963373871818866,1.0747912058758458,1.839711232825521,0.6926919887319225,0.6939064037924554,8894.5,1.4680506618475686
138,1.4750024962194968,0.9044358817796143,0.4492096458799639,0.9048790322653868,0.2817140407595997,0.3527739730124466,8639.0,1.4794288821749486
139,0.9967355454789595,0.8378508990090958,1.8296918021362,0.7247877982332662,1.161176700556087,1.2645285758390608,9038.25,1.4728354725338046
140,0.026188913176667272,1.3270747440334212,0.35607193373950285,1.9221406349389103,0.2973254555062259,0.8292482474540475,8042.75,1.4811654920449624
141,0.17069933615728772,1.9937485036918947,1.0043900206624852,1.1907700346400876,0.13415295477685496,1.4999209407983556,7857.0,1.4714914845761236
142,0.4198111861911715,1.7961085788814275,0.41027928096401434,0.38137544132733314,0.07309933569618976,0.9441338902199985,7832.75,1.4827934512870757
143,1.1296822665252328,0.13141727885670473,1.5510552333900212,0.9065776694960552,1.04878053865516,0.8815254938764563,9370.5,1.481339163317058
144,0.801526121750652,1.1192806626164358,0.310480491861425,0.36385626099054225,1.7235712420270346,1.8922309242672655,9082.25,1.4739679795521479
145,0.7466186325595059,0.5414893462871075,1.2879990864780315,0.8174683421961928,0.05077271132068972,0.3123051947323807,8740.25,1.4789215400715507
146,1.431944457694795,1.3178478838203027,0.05419198500696698,0.4439443238658989,0.4621495931761428,1.3437854871974568,8582.5,1.4599636184948095
147,0.03942107550872831,0.2082171639691477,1.5998321707463787,0.3570893241086672,1.3054922157037494,0.47636556209345304,8867.75,1.486966682564062
148,0.19888278551869032,0.48634438199890817,1.4445338637113183,1.7113929362125715,1.6604397291339832,0.7943670592369096,8945.75,1.492654948675529
149,1.3361702731412923,0.40996859083164194,0.5862954605220265,1.7926716370422395,0.02600384702147207,0.17101706170893616,9093.25,1.4726357745762897
150,0.41577251029205464,0.05306440774763943,0.36287087017959463,1.1660831219393843,0.8428491011849959,1.7853434221539497,9386.25,1.4733146565360207
151,1.6348871234768818,0.6836347033957519,0.518846866862585,0.7593848163345338,1.1805898850296155,0.5361272816457525,9135.25,1.4775122480233545
152,1.248297815698268,0.8188233043824809,1.1040943617039605,0.8722530582706334,0.5889315190838353,1.8969066139243134,9052.25,1.4905319649984052
153,1.5272115883195216,0.2802263515329051,1.7369359517958256,0.9748623964990273,1.7891044537881828,1.5997105118946304,9442.5,1.4711465723475423
154,0.8504270089384669,0.044938616640234796,0.5373547187698922,1.0832684293217338,1.2669564396522945,0.5157753708664046,9638.5,1.476688436855552
155,0.27871214814564826,1.6698604735985982,1.9688043614071042,1.0513803646053717,0.343358571696607,0.5446146530387379,8135.0,1.4833742662088818
156,0.03678135309493347,1.828597613120998,0.23550216578028227,1.1530329510285071,0.548110441374412,1.1083560050315868,8122.5,1.4503640580550357
157,1.3028407767037284,1.6594836074144033,0.4128425435212064,0.021991657316960955,0.27377126013761455,1.8000372836962102,8635.0,1.462969803960062
158,1.7477801551250305,1.1948262043406166,1.2010337208673068,1.330073349092511,0.3507425572468992,1.8288238918499196,8668.25,1.4788043460666527
159,0.8375410497841462,0.7662770564989949,1.037835410565675,0.09393193355011009,0.3325667375121588,1.4760672328527409,8636.75,1.4777738357519756
160,0.16559733585025294,1.2063042189327764,0.4906982193626419,0.7785912280839531,0.5773874735413997,0.7113454329298983,8181.25,1.4720402030902784
161,1.438091810368491,0.59424343124635,1.1328092805937944,0.9521008043981993,1.3273423307252963,1.873659478649516,9213.25,1.4967326470573334
162,1.4651441944205006,0.42988075718151353,0.062366270122569345,0.5245280885996502,1.1901558614005097,0.1028516269685007,9175.0,1.4687597998039217
163,0.9927324944024727,1.1936856978337784,0.6684877816339216,1.5418244074916438,0.2131965062675436,0.15027556347161752,8914.0,1.4805645320127485
164,1.4563775124072067,0.9909826324123969,1.376804792855472,0.8696546772074925,0.4928040664782136,1.6382046353483994,8887.0,1.4793882377705263
165,1.5988317579379585,1.3893929417088535,0.5442902744599254,1.1804613337381742,0.7219477938800536,0.1831641466532683,8673.0,1.4664617425187367
166,1.8346271509244856,0.2736372618379228,1.9004747076416049,0.8920115459159115,0.3702658576772393,1.0838018947567163,9008.0,1.4770084296110195
167,1.7458916717528166,1.4644497728191224,1.6131222957228994,1.3175667334214347,1.384553129035705,1.6983913031306386,8931.0,1.4694111566267027
168,0.4993360177183719,0.978849927286281,0.44241888363920445,1.975336015993294,1.8881186793732265,0.0788536227370118,9118.0,1.4840285494566816
169,1.411150345031377,1.8504966348313316,0.36115069025466706,1.135890461105259,1.8309765951760837,0.06789195717159768,9099.5,1.470897322629759
170,1.3948405344936798,0.5946980147451015,1.8487923907530608,1.9421164903307355,1.8885329782268678,0.9484284333149275,9521.75,1.480037866173754
171,1.7240853019786269,1.6890987970701408,0.6382009464865113,1.6578309483013547,0.07401526943098524,1.192539756964106,8357.0,1.4703800997262342
172,0.4600176745754061,0.24113377155455762,0.1539064032584183,1.3925775517562795,0.6797499275361323,1.449533543057523,9046.25,1.4778540950291734
173,0.13071268159788474,0.6305806756612207,1.0789825847506744,1.581446329677927,0.6375050058641398,1.2517827528740182,8596.5,1.4932170312357016
174,1.7719554964723743,1.2317263763646091,0.46591894950726753,0.04880156311307604,1.7401977478018598,0.042538821700774276,9100.25,1.4765601666032677
175,1.7494033453683988,1.057874268054424,1.8781353970257924,1.5975664715473308,1.995868221066675,0.7014236309034203,9054.75,1.4883661345500168
176,1.5343765778622538,0.8038618272184843,0.9597512406078177,1.2550109264367402,1.7473542283726775,1.9681669383985902,9244.25,1.4903170508255126
177,1.5365468277290364,0.8355335643346675,0.8427140045541404,1.475164603177783,0.47755429153660467,0.22094822626278932,8831.75,1.478732595563011
178,0.7092443152815531,0.5744779833081635,0.5926162409119802,0.4672155020998199,0.08418637927272377,0.03574786946682762,8472.0,1.4784075565394241
179,1.975444779472063,0.8555462674717247,0.7686532943193634,1.3592945653861397,0.43650777573012833,1.8999223679004507,8667.5,1.4853982301718798
180,1.572690028831104,0.17882200462451903,0.8351615515698567,1.7582366151243294,1.8894640445828206,0.9348030224997395,9653.75,1.4780430088454573
181,1.2268227784214154,0.33406789218415045,1.982337252273953,0.4633434027668868,1.8854635482702513,1.299293297984737,9422.75,1.4784200832599987
182,1.2154735897577182,1.0253770220330172,0.4613396234355174,0.3530560640110165,0.4409724181403507,0.37287652428850904,8628.75,1.4777847514007838
183,1.5591689471335066,0.7002505183334602,0.11568535312679273,1.9382052602816227,1.7675717699268514,1.855504566390426,9110.25,1.4955086444103922
184,1.9898156452928706,0.3477904984389746,0.7924840378053175,1.5164769514081826,1.3920412361075845,0.3077918126797101,9274.0,1.481547922157584
185,1.6316662499812356,0.4488811436733213,0.44763522964524616,1.0739488457868271,1.1858798696834063,1.1601724156756223,9350.25,1.4830015560414846
186,0.18297367479550974,1.7549217252607607,0.5312000851774121,0.25902984256560835,1.7774961597379544,1.9113029964595067,8805.75,1.4620054420365272
187,1.7242552345309012,1.6190321494497562,1.3104839612780435,1.1017147412182786,0.17397351982282028,0.8169064261413974,8488.75,1.4545078178338493
188,0.745377034024628,0.5195075675206524,1.4468402273771699,0.9917514701575416,0.16209243181529587,0.44036640389962267,8775.75,1.4804238478006542
189,1.3665175273191918,0.15226171898060037,1.7024138280975374,0.9902930540279486,0.961173154653296,1.1848155693190352,9371.5,1.4712106006984282
190,1.6493619318502983,0.6956184158043861,1.3560323051181271,1.1314639279915821,0.5340565403388426,1.757259972710316,8901.5,1.4738598791904525
191,1.5948520432138562,1.316903669316851,1.7011634581884838,1.7345884019196047,1.4167259534300696,1.674026656727344,8919.75,1.4796382496896636
192,1.3949429233385673,1.3602815435206008,1.2372227564303686,1.5054332791152825,0.3172102105861474,1.7617415183978569,8842.25,1.4721831479740684
193,1.743687055490464,0.05849456606911829,1.6516335011295253,0.2577397349468904,0.6702377085182838,1.4870165125832155,8963.25,1.4789597287390155
194,0.3215197920966164,1.6359340482381244,1.6642683559154838,1.0149354675216724,0.01277174343366716,0.5740762663498256,7861.25,1.4733176704224247
195,1.2338538367514844,1.962372356054847,1.2636270540333367,0.5196071621283196,1.2680114061992227,1.079970759431711,8734.25,1.4786710643996694
196,1.5596907903022872,0.21396127765391681,1.522055805004056,1.0825331573522206,1.9259840077179893,0.6837443320773722,9293.0,1.4922306820733098
197,1.2652437862678962,1.864056211020035,0.2050194559813585,1.8744569744729023,1.3757714446016267,0.1356741182103438,8801.25,1.476771340518255
198,0.6019271338936325,1.4163441772905632,0.1347012029375434,1.1643409203525465,0.6917661139059135,1.2418310355349542,8560.5,1.4712020933289616
199,0.0914840676250257,1.7430736123047526,1.9469779383547938,1.937755710571383,1.4993036634858494,0.26017248026126394,8396.0,1.4859749647289207
